"","tSNE1","tSNE2","class","true_label"
"1",9.36672616881928,3.43662913655937,"10","Basal"
"2",28.93045370255,-12.0457992449424,"6","Basal"
"3",24.1594247701407,1.71860011664289,"6","Basal"
"4",27.6905635118177,17.618677456919,"2","LumB"
"5",-40.6384156122617,-4.14335839032109,"4","LumB"
"6",16.7845225698874,5.87803802841052,"1","LumB"
"7",27.9848775652811,-25.5637433793052,"1","Basal"
"8",-17.8375769933506,-21.563442814529,"2","LumB"
"9",27.6266043752856,18.890208984822,"2","LumB"
"10",-22.8295943006809,24.5359982542852,"4","Her2"
"11",-1.47766721510834,-22.6621381876722,"2","LumB"
"12",27.8347391294131,-24.4699605324347,"2","Her2"
"13",-17.0486025779511,29.4363102943389,"1","LumB"
"14",-27.3929859232917,25.2154361881118,"1","LumA"
"15",7.74256951381462,-6.37315867491885,"9","LumB"
"16",-36.3641007717018,0.287337839103826,"4","LumB"
"17",-10.0262586427978,22.2686036570892,"4","LumA"
"18",22.3573821239433,23.9826564488937,"2","LumB"
"19",3.33934014245224,20.7408667246805,"10","LumB"
"20",21.0717090202758,0.728430715972551,"2","Basal"
"21",33.6249220156123,-4.35107756453401,"2","LumB"
"22",35.3528517122187,13.7568590929449,"2","LumA"
"23",8.17124019451015,20.6542596295827,"4","LumB"
"24",-39.2142257205061,-7.99114267582701,"9","LumB"
"25",9.69043025487916,28.9235996546281,"9","LumB"
"26",-31.1750923908081,14.9971276335608,"1","LumB"
"27",25.4084545561896,-29.2536421848906,"4","LumB"
"28",16.1801137506652,-7.64256289928555,"10","Basal"
"29",-33.1976259566108,-23.5564465989154,"5","LumA"
"30",10.3119117414343,29.9387458646232,"9","LumB"
"31",-0.323751975617284,-32.4164588531061,"9","LumB"
"32",20.7572404529661,1.60150993904137,"2","Basal"
"33",-31.8377845604834,-16.7853035953207,"4","LumB"
"34",6.25715461092218,24.0010423013512,"9","LumB"
"35",13.5098969725713,20.2760920389175,"1","LumB"
"36",-32.3336703002804,17.6383503135705,"9","Her2"
"37",-6.85477092827332,5.31394233316595,"2","LumB"
"38",34.6491999431293,-8.30482744127315,"6","Basal"
"39",-15.1914862586597,-27.4529207803204,"1","LumA"
"40",-6.88533232929577,30.9312412718306,"2","LumB"
"41",-3.8994787313254,25.3029526995021,"10","Her2"
"42",-31.2025037376256,4.66952410443232,"10","LumB"
"43",6.12834392503981,35.1120645443834,"9","LumB"
"44",-29.4065847680675,6.57282637135818,"2","LumA"
"45",-7.80430657475532,10.0420352015432,"10","Her2"
"46",26.3374212231705,9.44324056541312,"1","LumA"
"47",10.3545545877387,8.61524058834669,"1","Basal"
"48",1.04244465812918,-1.14633753197143,"9","LumB"
"49",36.6227476062281,12.0864891432408,"6","Basal"
"50",29.7081464484605,-3.97702233880812,"6","Basal"
"51",-40.5398978434374,-6.53641685817529,"9","Basal"
"52",-1.41474463241047,25.426145309487,"10","Basal"
"53",17.2270261207155,5.81863790590118,"2","LumB"
"54",4.05612782732892,13.4105885855557,"10","Basal"
"55",-4.07907029580362,35.3468807083286,"4","LumB"
"56",7.18120604747749,30.4546703469922,"1","Basal"
"57",-12.5755874976155,-27.2098476448031,"1","LumB"
"58",-33.8887829971952,2.19562197276189,"1","Basal"
"59",30.9156176975065,-11.891687028415,"4","LumB"
"60",-1.1794812931709,-32.3044627412477,"1","LumB"
"61",-10.0656424095735,9.9801828448647,"9","LumB"
"62",4.13600453113332,-9.05790156228866,"1","Her2"
"63",22.7166278777393,7.62974713089788,"1","LumA"
"64",-38.6886453316101,-0.655544640143778,"6","Basal"
"65",7.43473906963777,-26.591368355485,"1","LumB"
"66",12.4017680191266,34.4931952325575,"9","Her2"
"67",-34.3643216925564,-12.5503671800027,"9","LumA"
"68",-17.8303693069893,-21.2523431118464,"4","LumA"
"69",-3.76151457617568,-8.20763287032173,"2","Basal"
"70",28.4397813570579,-12.9968030425494,"6","Basal"
"71",17.8530313705901,-17.2342253862152,"10","Basal"
"72",-40.0933962684176,1.7374453089486,"4","LumB"
"73",-30.2916058914025,17.4332651571407,"9","LumB"
"74",34.8745976559749,9.55600346141468,"1","LumB"
"75",-28.0973115689638,24.912697222905,"1","Her2"
"76",6.03721313607849,33.9051818422401,"1","LumA"
"77",23.4838831551088,14.0422263315235,"9","LumA"
"78",9.7918733259897,2.39566422997466,"10","Basal"
"79",-32.3799805672689,-16.5331627159217,"4","LumB"
"80",6.76628082208595,-8.1045702377369,"10","Her2"
"81",13.510845464083,-23.1890503704439,"9","Basal"
"82",-32.759300569854,-20.1179725387942,"10","LumB"
"83",9.54677612507155,-8.71100627325721,"6","Basal"
"84",26.0894814284632,17.9406888262813,"1","LumB"
"85",0.904575567493824,-34.1367718113557,"1","LumB"
"86",-11.2081662754522,20.1240356783381,"2","LumA"
"87",-11.8306545128288,40.9069577136833,"1","Basal"
"88",32.3535985059936,-12.56072566157,"9","LumB"
"89",5.4340172993175,-23.5558166945935,"9","LumB"
"90",-33.6164001067579,-26.4453316915023,"9","LumB"
"91",0.652938698056281,11.2842598693712,"10","Basal"
"92",33.5396926355025,-8.57427503951725,"2","Basal"
"93",35.4300698900955,-0.414069923907547,"2","Basal"
"94",-12.973932431037,-12.4866207934056,"9","LumB"
"95",21.5278746916466,6.8853314514007,"4","LumB"
"96",20.9625814042483,22.5708019697818,"2","Her2"
"97",-4.81194840566533,37.7587853629686,"9","LumB"
"98",-40.9954417062044,-6.76758028335488,"9","LumB"
"99",24.6737097628187,23.7117105032048,"2","Normal"
"100",4.17474654091998,-31.4325224793281,"4","LumB"
"101",14.0448110004653,-13.4192397606799,"2","LumB"
"102",-9.77505981793112,19.2770726791085,"2","LumB"
"103",2.03721436437641,-4.69775389394385,"9","LumB"
"104",-1.59797872891858,-10.2133312677353,"4","LumB"
"105",-37.0493384054891,9.51577566704658,"4","LumB"
"106",21.3035382148954,-16.9598828214599,"3","Basal"
"107",-40.0164960596895,-2.15554871535389,"4","LumA"
"108",16.1899209728747,3.90627908924216,"1","LumB"
"109",14.1261271410577,7.63460004620346,"4","LumB"
"110",12.4711019962897,-30.6514740018708,"6","Basal"
"111",4.87959713196192,-11.2052446845712,"9","LumB"
"112",-16.1745412163003,25.3092430803043,"2","LumB"
"113",1.52629205149008,-14.4408380317416,"9","LumB"
"114",1.4051986624785,-5.0250541519103,"4","LumB"
"115",4.21966920421924,-4.66850398431738,"1","Basal"
"116",22.4074839145725,6.01731043416343,"9","LumA"
"117",3.85510262683425,12.0824854290154,"10","Normal"
"118",20.2843929156982,-6.16395881172306,"3","LumB"
"119",17.7468062493715,-1.57252540440222,"6","Basal"
"120",3.56620842392482,-27.9152804283012,"9","LumB"
"121",18.4106798387634,9.18514528055792,"6","Basal"
"122",11.1798828573119,-31.8685182758971,"1","Basal"
"123",14.4286896150668,-13.6081679233355,"9","LumA"
"124",13.3970777438746,-11.5246784204461,"10","LumA"
"125",-32.69486907968,-17.7703120360262,"1","LumB"
"126",36.4503884954513,11.9878955221047,"4","LumB"
"127",-39.7797402684092,-5.1193558279974,"1","LumA"
"128",-22.4330463008588,17.0826898864804,"5","LumA"
"129",-30.5870973665515,4.55774625954447,"9","LumB"
"130",25.9447736763755,-8.44752370159797,"6","Basal"
"131",-40.434986579353,3.57300875573558,"10","LumB"
"132",10.7496111972487,-8.00655407924166,"6","Basal"
"133",33.2803545778446,-4.08610249442083,"6","Basal"
"134",-15.1500543706829,33.4536844218317,"1","LumB"
"135",-0.128033071935304,7.88764898057948,"9","LumB"
"136",-1.79166930271174,38.3718106166036,"9","LumB"
"137",12.7398639881982,27.4373905913444,"9","LumB"
"138",13.4396791825556,19.9390658052785,"1","LumB"
"139",-7.91914625236315,41.6951042206515,"1","Her2"
"140",-1.00096334694972,34.0445246999239,"9","LumB"
"141",-15.5805318708467,-9.63264373732573,"4","LumA"
"142",25.7471413873231,-11.1415731072722,"9","Basal"
"143",26.3398131476435,9.55807293021664,"2","Her2"
"144",11.1378886240884,-15.5639887041319,"10","LumB"
"145",-15.5576859462569,-26.40768241139,"1","LumB"
"146",33.8700081436114,-23.6218806026201,"1","Normal"
"147",-13.4171619666454,-12.8436974976326,"9","LumA"
"148",-13.657282700246,-24.3191992171944,"4","LumB"
"149",31.4191416698489,-3.94235440199933,"2","Basal"
"150",21.5738835233704,2.57815614625991,"2","Basal"
"151",30.0100932251116,11.4086752644963,"10","Normal"
"152",-30.4540364118841,13.2340672723429,"2","LumA"
"153",-2.52200626607367,-24.1418178209771,"1","Her2"
"154",3.57231827420383,-6.65321222931974,"2","Basal"
"155",8.37984466442116,12.5351468316422,"9","LumB"
"156",8.96644315211281,-1.11202213370986,"10","Her2"
"157",-2.61599026142168,-34.3953898292187,"1","Basal"
"158",-19.5970428364191,33.7622956587459,"4","LumB"
"159",2.2206748978791,8.48843327879169,"1","LumB"
"160",-39.8186323982624,-7.48484027501002,"10","LumA"
"161",-11.6524922937684,18.2287154707713,"2","LumA"
"162",-34.1771300263785,-12.9361801748161,"9","LumB"
"163",13.6817891885666,0.0721185358132994,"9","Her2"
"164",5.63292567690429,-19.8358230016897,"4","LumB"
"165",-30.7190878268479,20.6144981001335,"9","LumB"
"166",-21.4465896516764,-18.4938878614481,"9","LumA"
"167",9.8074079497254,-24.1062896500948,"6","Basal"
"168",-20.2852011468824,-18.9127217311562,"1","LumB"
"169",25.3021407563986,-26.5237689614747,"1","LumB"
"170",6.3874941796393,33.3788274863457,"9","LumB"
"171",8.37888489856491,29.4261689769325,"9","LumB"
"172",2.33580220206875,-10.5350861163389,"9","LumB"
"173",3.54089412032952,-31.6961620967496,"4","LumB"
"174",-21.7557727294918,24.9034738102297,"4","Her2"
"175",-6.59470693066261,-14.2981796278128,"1","LumB"
"176",-3.52118419095861,28.6188659308894,"6","Basal"
"177",-2.05926810796166,-11.737817165644,"2","Basal"
"178",22.5669715569469,-27.4785460300358,"9","LumB"
"179",9.4647197246504,-1.19219881837579,"10","LumB"
"180",11.2921554691191,-16.4887475478539,"10","LumA"
"181",-4.35782193574303,-21.9235290700093,"1","LumB"
"182",23.7858001799216,-13.9148114616059,"6","Basal"
"183",-33.2358680194204,-21.4864872527992,"1","LumB"
"184",-28.5493834496671,21.9613725252361,"9","LumB"
"185",-1.67010431644963,-26.6532702928053,"1","LumB"
"186",6.66802384623184,30.0566975514716,"1","Her2"
"187",-17.0592623985037,23.6280631708611,"5","Normal"
"188",-33.1700889151241,14.7296433820282,"9","LumB"
"189",3.67549558718036,-26.7496839671447,"2","LumB"
"190",2.58539229933302,17.6623386070238,"4","LumB"
"191",10.9669254023146,24.3164968545603,"9","LumB"
"192",3.46250542497032,-28.3768189773733,"9","LumB"
"193",6.47862709671016,23.8798032915754,"9","LumB"
"194",-19.5302153385521,34.4496733590373,"6","Her2"
"195",-0.931036277832802,-31.4551178077186,"1","Basal"
"196",-27.1577841905527,25.7802811356799,"1","LumA"
"197",18.6024996036526,-13.3321020965355,"2","LumB"
"198",5.85349402382805,-28.469012553735,"6","Basal"
"199",21.318454531617,26.6035974352289,"4","LumB"
"200",23.6624622044201,-2.31333814554351,"4","LumB"
"201",17.2552523410784,-9.49596518084435,"10","LumB"
"202",7.02342344839794,9.7064672353211,"9","LumB"
"203",-7.19719701600398,29.6898303565379,"9","LumA"
"204",-2.77940080573032,-22.9696441388769,"1","LumA"
"205",-11.7101397024312,-26.7956697679293,"1","Her2"
"206",-12.6811604769215,25.9914606360669,"9","LumB"
"207",27.0300593763526,-1.94371484549633,"2","Basal"
"208",-32.4704062771393,16.3879509363988,"1","LumB"
"209",-40.6705828998488,-5.66837088757305,"9","LumB"
"210",-38.6483381234577,-3.49230695208052,"1","LumB"
"211",26.6270689877037,-28.0055872467516,"1","LumB"
"212",34.5957827037367,9.17602920842427,"2","LumB"
"213",-5.87659098858724,-6.58935345959625,"1","LumB"
"214",3.58738756010107,-5.22440257094989,"4","LumB"
"215",1.93683115217174,-13.4660014018254,"1","LumA"
"216",-5.01936544187992,32.9938842335096,"9","LumB"
"217",0.700097418051628,-18.4888726073663,"2","Basal"
"218",30.6442786521423,-26.5830974079089,"1","Basal"
"219",26.4283485081793,-9.49427478660348,"4","LumB"
"220",28.1264105282588,-16.8428720759529,"6","Basal"
"221",10.2577763197172,19.3308504995359,"9","LumA"
"222",23.9152883425689,23.998935733695,"1","LumA"
"223",-1.69768612316676,-33.4848437511908,"1","Her2"
"224",3.67912183410681,-5.96670172172979,"2","Basal"
"225",-34.0802946434027,-28.7653501422988,"1","Her2"
"226",34.7198995690758,-0.885670121524913,"2","LumB"
"227",-23.6769188361812,30.3847407490035,"4","LumB"
"228",-19.2090587482069,19.7761009236621,"2","Her2"
"229",-5.75548721561564,-17.1392943718202,"9","LumB"
"230",-36.1122853103408,7.56720864622644,"9","LumB"
"231",2.05581612585081,-1.99461365854612,"1","LumA"
"232",33.7571936300301,-4.48707179963109,"1","Basal"
"233",10.4151819439095,29.7442625966858,"9","LumB"
"234",29.4545188038057,-9.37734525156725,"1","LumB"
"235",-25.2420232250842,25.7590657525213,"1","LumA"
"236",6.72109916401214,32.9509965669899,"1","Normal"
"237",-20.4011321359678,-18.8513411453352,"1","LumB"
"238",-30.4861831620518,13.3759775298365,"2","Her2"
"239",-16.1668801663997,23.4156227828978,"9","LumA"
"240",16.4623266085598,5.47968737665596,"1","LumB"
"241",-12.6299163626559,19.4546306931556,"9","LumB"
"242",-21.3350279909568,-18.5315706007888,"1","LumB"
"243",-33.2991485815978,-16.7193600276911,"1","LumB"
"244",7.41887036101435,8.56140358289453,"1","LumB"
"245",-6.39902497499636,-4.78915318924796,"1","LumA"
"246",4.81209724399392,-4.4975397809401,"1","LumB"
"247",-11.9498609928788,-12.161329964576,"9","LumA"
"248",26.4749053246858,9.37094847275648,"2","LumB"
"249",-34.1303687343624,2.4138386919626,"2","LumB"
"250",-22.434896026834,17.071286609917,"4","LumB"
"251",-35.9648127162483,5.67991087139399,"1","LumB"
"252",9.16987308484893,26.1209268594657,"1","Her2"
"253",2.97385471048276,3.21636612668082,"1","LumB"
"254",-7.92733176206661,10.032869828937,"9","LumB"
"255",10.1233361316378,25.2859084663314,"1","LumA"
"256",6.4574433351696,22.6498818811451,"9","LumA"
"257",10.2690639283428,3.76392524164697,"6","Basal"
"258",3.86554533529609,-35.6340954169507,"1","LumB"
"259",-24.0795972778574,23.0904165544891,"4","LumB"
"260",-38.6225787084701,7.51375524636484,"4","LumA"
"261",22.1133120126585,25.4859199934922,"9","LumA"
"262",-3.90371330748674,32.2061525452885,"4","LumB"
"263",-36.9878509346216,4.89245576365655,"9","LumB"
"264",1.2796660904076,-25.9194607476934,"6","Basal"
"265",-1.22273147552417,-11.6696461760841,"2","LumB"
"266",-34.244336980669,-29.6484159283022,"9","LumA"
"267",1.99211459608859,-10.1034776726145,"4","LumB"
"268",-13.5687040367221,-26.3300070627862,"1","LumB"
"269",22.055560159153,6.65274180536124,"2","LumB"
"270",7.97160948012693,27.2985783202022,"4","LumA"
"271",-19.1720529358358,31.5626063191709,"4","LumB"
"272",5.47286515542105,-8.62386033099676,"2","Her2"
"273",0.801170472630355,-22.0410692961578,"1","Basal"
"274",-35.5693263655245,10.1972172779454,"9","LumA"
"275",10.5872921148146,-15.3688267377621,"6","Her2"
"276",-13.4421832350944,-11.2806506349535,"10","Her2"
"277",-5.22106194551123,-24.2661668992112,"9","Basal"
"278",-24.4600816000129,23.7576758363004,"4","LumB"
"279",0.482684590628397,-7.68373796600403,"4","LumA"
"280",16.9082735002549,9.44674494051817,"6","LumB"
"281",4.23799923607016,33.8350337240612,"1","LumB"
"282",31.9948793053642,9.98794915032625,"9","LumB"
"283",-7.31452779113264,5.88474036474737,"1","LumB"
"284",-32.4930466231987,-16.4583120043667,"9","LumB"
"285",-10.5622330572043,21.5666688960764,"9","LumA"
"286",12.0894395801503,-17.9554347505086,"1","Basal"
"287",-1.70954219036321,-9.67614519215114,"4","LumB"
"288",-6.14874429355945,38.2025149717401,"9","LumB"
"289",-13.9089397498947,-13.1996282067683,"4","LumB"
"290",11.1791622794504,29.208714009733,"4","LumB"
"291",32.4857444475862,-3.30883502425659,"2","LumA"
"292",12.4119464032289,21.2492324505999,"1","Her2"
"293",-7.96415148804388,42.1890807986675,"1","LumA"
"294",-39.4216658451291,-4.88313684534693,"1","LumA"
"295",18.2082748387616,-8.51792336734364,"3","Basal"
"296",29.0518043697289,-3.63897026894728,"9","Basal"
"297",-33.920169089942,-10.8952380696312,"10","LumB"
"298",-0.840511610784166,-13.0239981073987,"9","LumB"
"299",32.6700215256861,-25.8636321098156,"2","Basal"
"300",5.89898440707876,-3.74738213344377,"2","LumB"
"301",-21.320225104456,32.7728603698268,"1","LumB"
"302",-16.1887904606344,22.7832799898922,"9","LumA"
"303",6.55119353569509,-28.4127380989618,"6","Basal"
"304",-28.8204246856409,21.612054919477,"9","LumA"
"305",17.0511392518051,3.72661349061461,"4","Her2"
"306",-35.5340840410913,12.160381529956,"9","LumB"
"307",35.3856984208051,11.4716515784063,"6","Basal"
"308",30.0970763971638,-8.58579914947124,"6","Basal"
"309",11.392828711522,28.3430570459719,"4","LumA"
"310",23.6946340725636,10.526333212184,"9","LumB"
"311",6.06094268406783,-19.5302729234221,"9","LumB"
"312",-12.502335233763,19.905058125284,"1","LumA"
"313",-10.8259046566576,41.0154792259351,"1","LumB"
"314",29.5485704890939,-9.15657261711626,"2","Basal"
"315",20.6885943869656,1.27715445809912,"2","Basal"
"316",-21.0913196641911,32.1374834131397,"9","LumB"
"317",24.8540912814472,19.7187045966329,"6","Basal"
"318",-24.395080468826,26.5050458274529,"5","LumA"
"319",4.36038389472829,11.9293403751521,"10","Normal"
"320",-1.20171184086793,10.4880318332545,"1","LumA"
"321",-5.55893622122525,-20.4871106949434,"1","Her2"
"322",-3.72677006494169,9.74637215127906,"9","LumB"
"323",27.3086518438281,17.5115497706419,"9","LumA"
"324",-0.79449709264902,-17.4796141109294,"1","LumB"
"325",8.18374362085162,26.9117398621987,"1","LumB"
"326",-4.04365315400797,-18.2282200781801,"9","LumB"
"327",-15.471994550118,29.1239767264325,"9","Her2"
"328",13.7361567644062,-0.331144970466624,"4","Her2"
"329",10.2442217056418,33.7614262270254,"9","LumB"
"330",-4.66339586440819,40.25597348062,"4","LumB"
"331",1.91758913636663,35.9133076737606,"4","LumA"
"332",-8.72128089868224,38.8058400203116,"1","LumA"
"333",5.18314288148775,-22.9331316339308,"9","LumB"
"334",15.0213095852437,-23.0576299765454,"10","LumB"
"335",29.4588788205519,-20.3389645072816,"1","LumB"
"336",5.07009959989556,30.7039714297756,"9","LumB"
"337",-33.1930938771891,-22.3030605365002,"10","LumB"
"338",-1.01087269311826,-8.41476646340586,"9","LumB"
"339",8.62157387904979,21.0425061208544,"2","LumB"
"340",-4.69172310805616,40.3553963995623,"4","LumB"
"341",-13.5752819684269,24.1348307902386,"4","LumA"
"342",2.82844471835373,2.98414309882961,"1","LumB"
"343",-25.137625223961,21.5203414752049,"4","LumB"
"344",13.5132198425054,21.0779356392416,"1","LumA"
"345",-35.6031390139705,12.0923743717284,"9","LumA"
"346",-11.6751893677121,36.0338210040133,"9","LumB"
"347",27.0307028149225,8.33177846221136,"10","Her2"
"348",-8.96280223069469,19.1941767647235,"2","Her2"
"349",6.69571312350226,-7.33718271310368,"9","LumB"
"350",-30.891271214237,16.1275816478434,"1","LumA"
"351",-34.4054005053804,10.4632265499866,"1","LumA"
"352",21.4249270150229,-27.8267895335022,"9","LumB"
"353",-6.96573212899217,37.0082112598385,"2","LumB"
"354",7.7768772579932,8.43434456702679,"9","Her2"
"355",-17.9657370722328,33.8956632516697,"9","LumB"
"356",-34.2781653485046,10.4275524269318,"9","Her2"
"357",-1.89794410762023,-25.7877247990571,"9","LumB"
"358",-30.4528925634057,25.4980729430673,"1","LumA"
"359",-41.0943141817422,-6.29862154204902,"4","LumB"
"360",-38.8217984589407,0.824485544146145,"9","Her2"
"361",-1.53117124921331,-10.8234069543818,"9","LumB"
"362",18.4525770870374,-2.6566715699321,"6","Basal"
"363",16.3812141140717,12.5777708792255,"4","LumB"
"364",5.99987161356974,24.2817485097889,"4","LumB"
"365",-40.3706541551174,-1.70868057910558,"4","Basal"
"366",-32.6899597030231,-16.3424414470876,"1","LumB"
"367",-4.15129046739162,-5.572801066728,"6","LumB"
"368",-17.5946649420692,19.6532961501239,"6","Basal"
"369",-33.1861268574696,8.58673447403511,"9","LumB"
"370",2.58951489589522,22.4544249443374,"6","Basal"
"371",-29.2140327515459,22.5028568210842,"9","LumB"
"372",-17.7145912355849,-20.563378958416,"1","LumA"
"373",-23.5324920624597,23.0865202881834,"4","Her2"
"374",5.38467352400824,-23.3851684149367,"9","LumB"
"375",-15.1709915955013,-23.4706301407036,"9","Her2"
"376",28.2811445511779,18.0326271064015,"2","LumB"
"377",-1.61754782232156,4.53259131197033,"10","Basal"
"378",-3.62099561986546,-3.77185944371447,"4","LumB"
"379",13.7705798641817,-11.6257203050713,"4","LumB"
"380",-11.4089308725151,-28.7461238189484,"1","LumB"
"381",7.30064943952668,31.1543776337905,"9","LumA"
"382",-36.2178357526638,-9.05032206942815,"10","Her2"
"383",1.77258618966423,-32.3217775219297,"9","LumB"
"384",26.3219383670879,-9.75928313496816,"4","LumB"
"385",-42.1407073595507,-8.32155504301113,"1","LumB"
"386",-35.6849375537223,-10.5900611513992,"9","LumB"
"387",-8.50447073379732,41.3652973570377,"1","LumA"
"388",8.64574186303336,30.9033489566049,"1","LumB"
"389",30.7930270774806,-4.11662170440581,"6","Basal"
"390",-22.316521039886,21.3207886228579,"5","LumA"
"391",27.2331869056399,-10.2086076853013,"1","Basal"
"392",-15.135395577035,33.3331963307022,"1","LumA"
"393",7.99190520779563,14.1027867139143,"9","LumB"
"394",11.2799798263466,17.1322129699837,"1","Her2"
"395",8.2722845337147,15.1969243077358,"4","Her2"
"396",0.837152297865308,-13.3331284431299,"9","LumB"
"397",1.41584395263653,-20.7045336039449,"6","Basal"
"398",-6.94635465766549,31.1512149938195,"6","LumB"
"399",23.4599148232361,-26.8992322658029,"2","LumB"
"400",2.4316898778301,-2.74811201733878,"9","LumB"
"401",-14.6238005557039,-24.0666773028073,"9","LumB"
"402",-33.1117826223495,14.4416881439048,"1","LumB"
"403",17.4758078173517,-15.1102395701306,"9","LumB"
"404",4.74969215241828,-4.59605817629838,"1","LumB"
"405",-14.9351196761282,20.0124896774408,"2","Her2"
"406",-1.11491415576319,-16.686298632939,"9","LumB"
"407",0.486768973232747,1.67916485146391,"4","LumB"
"408",27.3433759254994,-28.635568605118,"1","Basal"
"409",-0.262565042989498,8.93478065420022,"9","LumB"
"410",3.87913919845539,27.0743286757265,"4","Her2"
"411",18.853801407894,-7.56838025250505,"3","Basal"
"412",-32.8979958600158,-20.7822433618761,"10","LumB"
"413",-35.3044623118566,2.92905786800308,"1","LumA"
"414",-9.08389950896378,38.8071482537683,"1","Basal"
"415",25.7919385429706,14.8471114238205,"4","LumB"
"416",3.31707483279739,11.4395459808122,"9","LumA"
"417",31.5703820212012,-23.1180219110405,"1","Basal"
"418",-8.79939758854194,38.9588877611166,"1","Her2"
"419",33.8318658872052,-8.52811618740438,"3","Basal"
"420",-14.9557898356186,19.9579899100608,"2","LumA"
"421",0.126889704133568,35.6433857449958,"1","LumB"
"422",-16.5030448061404,33.1159337160631,"9","LumB"
"423",-34.0916935378377,-12.5832766461902,"9","LumB"
"424",-17.3264703588232,25.5802494786917,"9","LumB"
"425",1.88444713418383,19.4081702143778,"4","LumB"
"426",10.6320189829045,18.7193918553296,"9","LumA"
"427",3.47859472774988,-12.7703433422193,"9","LumB"
"428",26.6450304491376,5.42654179827924,"2","LumB"
"429",-19.5872188687892,29.8617251436861,"9","Her2"
"430",11.1773972649694,-10.6914675913354,"10","LumB"
"431",-19.4634037996762,33.2338182630661,"4","LumA"
"432",-2.05846381307222,-23.991574255658,"1","LumB"
"433",27.6792295828285,-0.570138565078328,"1","Basal"
"434",-16.5010742295377,37.5530191825485,"10","Basal"
"435",17.2262106057772,7.84010927738383,"9","LumB"
"436",-12.5494572578173,-27.2343325447371,"1","LumA"
"437",-16.4717733278962,33.0536388822667,"9","LumB"
"438",26.8228293849887,-22.5197838461556,"6","Basal"
"439",-0.603403108108461,-16.7531536744737,"9","LumB"
"440",8.66105383315044,10.7704207507087,"9","LumA"
"441",-1.8052616810916,-33.9157655383193,"1","LumB"
"442",12.7159631249216,10.4956067585715,"4","LumB"
"443",-0.799161112873748,28.1887101180996,"4","Her2"
"444",-38.1417945843386,-8.80424518453667,"5","LumA"
"445",-6.12019751998103,41.78940717704,"4","Her2"
"446",-13.3966596911308,21.9994046328491,"2","Normal"
"447",18.8564839033731,-8.82610425357088,"6","Basal"
"448",-12.1398110314395,28.1757694488479,"4","LumB"
"449",26.9957222458482,0.0171838353171087,"10","Basal"
"450",-2.79599657296143,-34.524555331384,"1","Basal"
"451",1.46379632753883,-26.2282529856047,"1","Basal"
"452",33.2166428276547,-28.5871889986797,"9","LumA"
"453",-17.0704543496197,21.3967520733273,"2","Her2"
"454",24.6381965332785,4.6800402870762,"2","LumB"
"455",-15.2559780735804,-24.924797040509,"2","LumA"
"456",9.53206544188613,-1.37710948051878,"10","Basal"
"457",27.3525524860228,5.6650036323929,"6","Basal"
"458",-4.57681932145565,23.4223857303593,"3","Basal"
"459",-41.2266747569839,-0.197681956563599,"4","Her2"
"460",-11.865284953216,36.7360256564107,"1","Her2"
"461",25.2727318392484,-3.56491079662641,"4","LumB"
"462",10.1151298404844,-4.14609976900052,"4","LumB"
"463",5.54545003766821,26.1916967308535,"9","LumB"
"464",-22.1297998418354,31.4573595887035,"9","Her2"
"465",-36.4431400969201,-8.36237265363505,"4","LumB"
"466",0.728842693550361,-18.3906140931386,"9","LumB"
"467",-0.826605393375814,32.2743526617262,"2","LumB"
"468",18.5008682102611,-12.1737983673554,"1","LumB"
"469",-6.0044304608147,-18.3568508791719,"4","LumB"
"470",-9.94973495625675,-12.9886531214522,"4","LumB"
"471",11.8172014044281,26.0937863900189,"9","LumA"
"472",3.48047518021076,36.6210969114211,"4","LumB"
"473",16.4937875092068,-21.4666327416006,"2","Her2"
"474",-33.7194256350483,-27.1142019925292,"10","Basal"
"475",-26.1658173470631,23.7745869037149,"1","LumB"
"476",22.3900563871657,23.9851715262927,"2","LumA"
"477",-30.0376100665675,26.0729453361115,"9","LumA"
"478",-19.7455499369298,36.1163222830047,"9","Basal"
"479",-3.82133200179188,-19.2172118263087,"1","LumB"
"480",23.4892785373744,10.2646959450734,"4","LumB"
"481",-27.1760938701518,27.7588140747738,"1","LumB"
"482",-3.64910045686965,-17.3149188811781,"9","LumB"
"483",25.8248663033188,4.83404531741527,"6","Basal"
"484",26.9509756894496,-11.6739014446432,"9","LumB"
"485",-25.8349879543583,24.0837595278179,"1","Basal"
"486",2.2850400959304,-2.45925065527562,"1","LumA"
"487",-7.59120151965533,41.8886165700828,"1","LumB"
"488",5.67239463646961,22.0650996548969,"9","LumA"
"489",-33.6776081603579,-26.8339836182032,"1","Normal"
"490",15.8972031178168,-16.7033000973385,"6","Basal"
"491",18.4734304348367,-12.56130488876,"1","Basal"
"492",-32.4343468371405,-19.4333262472848,"9","LumB"
"493",-27.7799011824837,25.8321508154946,"1","LumB"
"494",16.5127245527603,9.99356404135429,"6","Basal"
"495",6.13599429909623,34.4406157930121,"1","LumB"
"496",-18.111681697208,34.1652747295852,"9","LumB"
"497",-5.49859153893439,41.6617866449437,"4","Her2"
"498",23.0052495005911,24.8322685421155,"9","LumB"
"499",10.900010466818,-14.0311592807982,"10","LumB"
"500",-35.549495320316,8.37210088005339,"1","Normal"
"501",11.7680610487964,28.1237120521093,"9","LumB"
"502",21.4294599386163,-1.21742793268498,"1","LumB"
"503",6.27670934147872,16.323120822614,"10","Her2"
"504",9.44016282820762,30.7262560162604,"1","Her2"
"505",-42.2023678988705,-8.50984808073624,"9","LumA"
"506",2.16209624451638,-34.4483873371059,"9","LumB"
"507",8.65474422300156,11.7926895013488,"4","LumB"
"508",-2.46384690735803,32.5363628250244,"2","LumB"
"509",15.2411820860753,1.37406568774858,"9","LumB"
"510",-3.27352119770826,-5.8704743309399,"6","Basal"
"511",-36.8850588675344,-9.47136683877133,"4","LumA"
"512",12.8074582000157,19.7540201142572,"1","LumB"
"513",-8.48139727508548,3.25100773978927,"9","LumA"
"514",21.4791517948429,26.6131467903115,"1","LumB"
"515",34.5859209640514,-19.7406850416292,"2","Her2"
"516",-24.2855258709924,29.9284441565015,"9","Her2"
"517",-0.618635790973446,34.9203456633963,"9","LumA"
"518",15.6985466410742,-16.5812984848343,"4","Basal"
"519",-11.2721460627663,28.1873465706575,"10","LumB"
"520",2.93412501895389,22.9584527466207,"6","Basal"
"521",1.2028762832747,37.8598668960911,"5","LumA"
"522",0.0755595886374266,-14.0187541665523,"2","LumB"
"523",3.17572386778922,-37.1438062930247,"9","LumB"
"524",2.54121219395319,-13.5179062919997,"9","LumB"
"525",36.0657744689004,11.980024034867,"9","LumB"
"526",11.1981594705135,-31.8134939950195,"2","Basal"
"527",-37.4588396501201,-9.3615541764087,"10","Basal"
"528",-32.6148441164086,-18.7720100764293,"9","LumA"
"529",-31.0749894321613,20.9659982560589,"1","LumA"
"530",1.66214600848126,-23.5946627498558,"6","Basal"
"531",10.2191676384342,21.4927767812813,"1","LumB"
"532",23.349108667476,-26.3726204627415,"1","LumB"
"533",-22.0717809279256,32.2676997693868,"1","LumA"
"534",-30.4939049817107,16.5226378815385,"9","LumA"
"535",22.7189993735651,25.5996802969326,"1","LumB"
"536",-2.11189243827712,-6.09793375299752,"6","Basal"
"537",-37.2299446780451,-6.23747144966483,"9","LumB"
"538",-33.9504368516283,14.1215001365023,"9","Her2"
"539",-2.66945509244182,-34.4269457498796,"1","LumB"
"540",33.9151808251505,8.86438948119095,"4","LumB"
"541",-15.7347356350694,34.4559206154146,"1","LumB"
"542",-13.3676362865346,23.607209405139,"9","LumA"
"543",-5.52440068904875,-7.37427690441984,"1","LumB"
"544",4.02971306539285,-33.5515404120164,"1","LumB"
"545",2.52579033494091,-14.3085702199784,"4","LumB"
"546",9.76091632623198,26.8149545430739,"9","Her2"
"547",13.4876483415285,-14.3034622112555,"10","LumB"
"548",-0.357584173340918,0.581173140334168,"6","Basal"
"549",35.5669854589872,12.4948119480147,"4","LumB"
"550",25.9728072050649,-30.2684383887148,"4","LumB"
"551",4.81309044975491,7.73194270578953,"1","LumB"
"552",11.1364738148339,2.90298896518816,"10","LumB"
"553",-24.6294414811196,21.3914786828977,"10","Her2"
"554",-4.50436613804146,-21.1442886563288,"1","LumB"
"555",0.319336036359422,4.89769404297797,"9","LumB"
"556",12.3373150398073,25.0701755525793,"1","LumA"
"557",16.1961441122285,-23.8777043498319,"6","Basal"
"558",-7.20543880390249,-9.33570320540257,"1","LumA"
"559",4.91362221044887,-9.87758519302451,"4","LumB"
"560",-36.7376377969934,3.24063522736291,"2","Basal"
"561",-23.5292535770845,27.0196991463465,"4","LumA"
"562",2.11501130270319,-36.0412362900261,"1","LumB"
"563",-35.8551846327211,-15.2109231686804,"9","LumA"
"564",-36.2538171779733,-6.88013569747095,"2","LumB"
"565",2.42496344210611,20.3083997297044,"10","Basal"
"566",4.96946332654322,-32.0217403985419,"9","LumB"
"567",-20.0305427377417,35.586717019848,"2","Basal"
"568",-11.1118409203096,20.0857074052356,"2","LumB"
"569",-25.6379638145359,19.6904328960845,"4","LumA"
"570",-26.263011064441,18.208855636232,"4","LumB"
"571",-32.7594056590141,11.4762215253645,"10","Her2"
"572",-1.40503944432559,-11.8189554036462,"9","LumB"
"573",19.9108106980944,28.8190729113705,"9","LumB"
"574",-34.6975019759452,-11.9669874551739,"2","LumB"
"575",10.5771577940975,1.83006686123217,"6","Basal"
"576",9.70916025031006,20.109878950742,"2","LumB"
"577",-25.4821537015704,24.4802085867012,"1","LumA"
"578",26.9761301558964,-26.3588103141057,"4","LumB"
"579",-38.8251600149552,-2.32330373476549,"10","LumB"
"580",-5.74095799570256,-21.8621974424283,"4","Her2"
"581",-32.169128232299,14.585736438609,"9","LumB"
"582",19.7644820433874,7.41998834724276,"6","Basal"
"583",35.4908015882683,10.5242364814098,"2","Her2"
"584",3.46779021041381,-4.44056075508241,"9","LumB"
"585",-1.13098435104097,35.0413917908342,"9","LumB"
"586",-34.4182105987517,15.8237710232424,"10","LumB"
"587",-11.0633758608336,-29.8843832076584,"10","LumB"
"588",16.5460574092136,-9.42632187684569,"3","LumB"
"589",30.5001594718463,8.19257073949526,"9","LumB"
"590",-37.330448515013,4.28889289221476,"4","LumB"
"591",26.5286194265319,5.93814635564811,"10","LumA"
"592",-17.7902694842309,-18.028055511426,"6","Her2"
"593",-12.1509921169052,9.6960447748713,"2","LumB"
"594",-4.04979766098986,36.2109514342695,"9","Her2"
"595",26.8426942855278,-28.1737809057274,"1","LumB"
"596",20.565589859601,-17.1747001503968,"6","Basal"
"597",-6.51834827924963,33.1138939291168,"9","LumB"
"598",8.34434012313031,30.3194540760791,"1","LumA"
"599",6.6868059030696,-19.7098369076358,"9","LumB"
"600",12.3560013897841,34.4254189085219,"9","Her2"
"601",22.7124436241625,24.4695800869311,"9","LumB"
"602",13.8732680065489,-12.9837854455911,"2","LumB"
"603",29.9401768939106,10.8314903038634,"2","LumA"
"604",-1.05201037179314,34.3525844620766,"1","LumA"
"605",5.9826951493618,-25.8260238540419,"1","LumB"
"606",4.42249822584796,8.68233195476494,"1","Normal"
"607",10.5563430283232,-4.58989286241762,"3","LumB"
"608",15.915179432443,2.3330162309046,"1","LumB"
"609",-23.4136615029836,20.8485624962255,"10","LumA"
"610",12.0420502012134,-22.2025534592531,"10","Her2"
"611",-29.1510134213752,27.7476023945522,"1","LumB"
"612",-2.42239873905331,1.13663104593897,"1","Basal"
"613",-38.9142056468507,6.3147301798709,"6","Her2"
"614",-4.85416510202922,-7.60257410497527,"9","LumB"
"615",10.3169252694726,8.60679887153139,"1","LumA"
"616",-17.6758522047515,19.5696369165156,"4","Her2"
"617",-33.9407170141769,-28.2862128013358,"9","LumB"
"618",5.97206323333295,-10.6146233099553,"9","LumA"
"619",-30.1884801154511,24.109933080909,"9","Her2"
"620",-3.42628243134278,38.2245282701321,"9","LumB"
"621",-29.4701916209368,6.39816579564855,"2","LumA"
"622",30.7131245881698,7.79187287936037,"2","LumB"
"623",-28.4592650754347,25.4750461683645,"9","Her2"
"624",33.3389242540211,-4.11830959961665,"2","Basal"
"625",22.5491991765156,-29.4748493721783,"9","LumB"
"626",28.3839084787672,-14.8104471676382,"6","Basal"
"627",6.35989879328638,15.7660209227177,"2","LumB"
"628",5.97273328724022,-18.5759193346547,"1","Her2"
"629",-34.1926249638564,-12.6398800433264,"2","LumB"
"630",-41.8797411122965,-7.44918962922122,"4","LumB"
"631",-28.3209301474305,19.0000158459683,"9","LumB"
"632",-5.78981350507895,-7.28713043781888,"1","LumB"
"633",-8.60838907578683,39.6596753756349,"1","LumA"
"634",-0.938448065618901,-32.6620292841872,"1","LumA"
"635",-30.2036043333354,26.7238946137563,"9","LumB"
"636",-3.59136449078413,9.59118893505006,"1","LumB"
"637",-4.53717153200962,33.1281871897114,"9","Basal"
"638",-32.8218578606332,8.09695940727516,"9","LumB"
"639",25.004518013558,-29.9721560691544,"4","LumB"
"640",-29.5785928058066,12.5549962790226,"4","LumB"
"641",-17.7466550757191,-20.6510201060994,"1","LumB"
"642",-35.7995591916948,8.33007045557317,"9","LumB"
"643",-16.0417580025767,29.1338155033544,"1","Her2"
"644",2.49921637275532,8.47604750382593,"1","LumB"
"645",-13.4367132019097,32.4135531194607,"9","LumB"
"646",-34.1644782327731,-0.0600544833560621,"9","Her2"
"647",-3.55083684562285,-21.7123394263882,"1","LumB"
"648",0.276439021787752,9.0613442824669,"1","LumB"
"649",9.7730727104527,25.4859532385784,"9","LumA"
"650",11.3055911003503,-12.4625208098059,"10","LumB"
"651",-30.0958084325258,13.3441963429664,"1","LumA"
"652",16.6310779906055,6.68819351550346,"2","LumB"
"653",-32.1007173989929,17.0057685135535,"1","LumB"
"654",9.51109833990743,-8.69405939764382,"6","Basal"
"655",10.8085802042548,0.906874054502143,"9","Basal"
"656",-3.92537000992164,25.9942940218667,"3","LumB"
"657",-5.31324372374301,-6.10127867630844,"1","LumB"
"658",13.8784959650513,9.47891381480391,"2","Basal"
"659",-36.5784205831667,-10.2448650934224,"4","LumA"
"660",-2.72878079846883,28.4337285316109,"9","LumB"
"661",23.211921720109,25.9422431095929,"2","LumB"
"662",-11.6848004643085,35.976461790168,"4","LumB"
"663",29.3590973440436,10.7115380567725,"2","LumB"
"664",3.26960687220376,-27.7180472211859,"1","LumA"
"665",7.43780101676215,-7.94368482895129,"10","Her2"
"666",-30.239159348871,16.3776159338844,"1","LumB"
"667",34.0419331469847,-22.9537209942775,"6","Basal"
"668",5.22339038936473,-24.1285517448262,"9","LumA"
"669",3.58888017213527,-29.0491360050498,"4","LumB"
"670",8.31000351534747,-5.87659181640266,"10","Basal"
"671",-34.49678356939,1.7256981340424,"9","LumA"
"672",27.8969810975681,-9.93392494923262,"1","Basal"
"673",3.51557740534636,13.1596800574018,"1","Her2"
"674",13.9190985642899,-23.6842310295153,"10","LumB"
"675",10.1866410270232,-11.9263175350533,"6","Basal"
"676",20.7449892912546,22.473011672407,"4","LumB"
"677",-1.75955725029726,25.5250750641003,"10","LumA"
"678",-39.3779826956753,-0.01424572666939,"9","Her2"
"679",35.1441133822427,-25.09677732467,"2","LumA"
"680",-38.8280079952616,-8.18752018190853,"10","LumA"
"681",-35.8158797395827,6.86728366025224,"1","LumA"
"682",15.7269993670541,-1.10319596786192,"4","LumB"
"683",-17.9246869887722,24.7690030125752,"1","LumA"
"684",10.2224024514589,-16.6537046819056,"4","LumB"
"685",-6.59290246644412,33.3629635684384,"9","LumB"
"686",-42.7160831152,-5.76412184295657,"4","LumB"
"687",12.2681161205507,21.0412903894504,"1","LumB"
"688",-14.5351116175539,30.8741616531795,"2","LumB"
"689",-34.1994556969055,2.02856429356439,"1","LumB"
"690",-33.155984731077,-14.6317989482499,"4","LumB"
"691",-2.30083838129265,28.1208309076324,"10","Her2"
"692",20.0274477218595,28.6234762766682,"6","Basal"
"693",2.09848914452316,-9.96095532655147,"2","LumB"
"694",15.7268237195588,-7.5284210930216,"10","Basal"
"695",17.8443185722701,7.41852864845123,"10","LumB"
"696",-2.93254046771668,-18.7771920179162,"1","Basal"
"697",16.4940233850632,7.80339228137797,"9","Normal"
"698",-19.4203390558442,19.7857391679838,"2","LumB"
"699",9.13320475139194,3.05150212990823,"10","Her2"
"700",-32.0295939282492,8.65370189060343,"9","LumB"
"701",-11.45488652635,24.8013771857456,"4","LumA"
"702",12.3706375753126,-22.2427015410317,"6","Basal"
"703",29.6054762313643,12.7317188620917,"2","LumB"
"704",22.3887319303938,25.471724961405,"1","Basal"
"705",-14.9073714510015,26.5247675516071,"4","LumB"
"706",-3.36575708459128,-24.5077219142027,"1","LumB"
"707",11.5002632091405,-11.8822613724335,"3","Basal"
"708",13.9186273948518,8.1204113289449,"1","LumA"
"709",12.7655771273158,20.5188403410333,"1","Her2"
"710",15.5174008450311,1.54799560509073,"2","LumB"
"711",-5.06506537804145,-9.44710115212403,"1","LumB"
"712",27.4924524513437,10.9500950490184,"2","Basal"
"713",1.62035536347761,-34.1147624291296,"2","LumB"
"714",7.09802769841981,9.65112851931562,"9","LumB"
"715",5.50518666986096,21.4421893984028,"6","Basal"
"716",-1.32584219568751,8.17308869713355,"4","LumB"
"717",0.839189867957843,-16.7194497402186,"9","LumB"
"718",5.32747402012746,-22.6059382066647,"9","LumA"
"719",0.963659214965367,-0.346878141779461,"9","LumB"
"720",16.1912152074896,-2.48876606517806,"9","LumB"
"721",7.31490692434723,7.96048435006785,"9","LumB"
"722",11.8049268452508,29.5436510475687,"4","Her2"
"723",-18.0083413355491,26.6118423054961,"6","Basal"
"724",3.76410989621749,-35.330661838409,"2","LumB"
"725",22.8710757595227,-1.48509931767025,"1","LumB"
"726",-25.7916516078439,20.9233091944974,"10","Basal"
"727",-5.66142639025074,37.0950942275006,"9","LumB"
"728",-0.187726519333993,-16.363719542541,"1","LumB"
"729",8.85169903666964,32.6197567964234,"1","Her2"
"730",-41.839106608001,4.66458594473469,"10","LumB"
"731",0.118205927586748,9.04920807505825,"9","LumB"
"732",15.7645121221493,-7.2949413021921,"3","LumB"
"733",-40.7008590446936,-0.379314023080546,"9","LumA"
"734",-37.0538193837475,-5.49826676490068,"9","Her2"
"735",15.8520330519744,-2.83175510081368,"4","LumB"
"736",-0.248322196504489,-8.17052091157415,"9","Her2"
"737",32.0245931582865,-13.2134322390615,"9","LumB"
"738",13.8635669815147,-19.6028504334666,"3","Basal"
"739",-11.8596766349888,28.1822236092364,"10","LumB"
"740",29.6187395831872,-20.8891701639404,"1","Normal"
"741",-37.3744579383952,5.40145031945727,"4","LumB"
"742",34.2548613933702,-20.0601027023474,"2","Basal"
"743",-15.0062260694709,31.8797192517202,"2","Basal"
"744",-5.14225268012762,-23.7240909305022,"1","Her2"
"745",19.8719767161259,-17.3385284090106,"6","Basal"
"746",25.4016160403829,-2.74569543413423,"1","LumB"
"747",-29.8250725235932,26.7172570532179,"1","LumB"
"748",-36.2163509101202,-6.68021034503486,"4","LumB"
"749",35.5018520694967,13.0161688081814,"4","LumB"
"750",-31.8993196924995,15.6661130154937,"5","LumB"
"751",-5.90917495900435,-5.83849679832479,"1","Basal"
"752",25.710965815364,-2.33523727841125,"1","LumB"
"753",-5.24770000135049,-25.4040634539629,"6","Basal"
"754",2.92914052833037,35.9175344206735,"5","LumA"
"755",-19.689882192019,29.654632837094,"1","Her2"
"756",10.8601901583455,-1.65729284457414,"10","Basal"
"757",-10.0857436032128,38.3683560533906,"1","LumA"
"758",-15.3358202390276,-27.3039423506938,"2","LumB"
"759",-31.2787742736504,10.0094150064868,"1","Her2"
"760",4.69759095185438,-9.23068136910967,"9","LumB"
"761",-6.49840631529478,-13.9465353833069,"1","LumB"
"762",13.0704246450295,-24.5255589791968,"1","LumA"
"763",-38.5095162192794,6.9096474465406,"4","LumA"
"764",2.29172367219805,1.04587782086717,"9","LumB"
"765",5.47469781368202,-19.4425014027184,"4","LumB"
"766",-21.0485256367058,33.8050104502486,"4","LumB"
"767",14.3522196169221,13.5754303129436,"9","LumA"
"768",24.3013485414398,14.7236995659557,"4","LumB"
"769",-21.9439296383136,33.3606168676611,"9","LumB"
"770",-5.87770427371257,34.9376036688532,"9","LumB"
"771",12.1175896214911,25.7734153763633,"1","LumB"
"772",-2.30380414445117,32.1700046019921,"10","Her2"
"773",23.9961353314627,-1.11677735578692,"2","LumB"
"774",-30.122627177871,22.7235161305619,"4","LumB"
"775",-40.0753290981826,-4.55520808598645,"1","LumA"
"776",16.1549237324022,-22.739713625167,"3","LumB"
"777",8.01249882117499,13.624809593582,"4","LumB"
"778",24.0229850091193,-13.2341836633422,"2","Basal"
"779",34.5688737270413,9.0651208019609,"2","LumB"
"780",-2.99473651962951,32.3945840260514,"10","LumA"
"781",23.2176853289142,-27.1734874283183,"4","LumB"
"782",-10.4087954483306,21.6718762709466,"4","LumB"
"783",9.15819673133459,21.3706481162824,"9","LumB"
"784",11.2576514470445,18.2390356344989,"1","LumA"
"785",-32.7813506362706,-19.2198781583565,"9","LumA"
"786",5.27398564812066,26.8340308544396,"1","Her2"
"787",-8.39808466967201,41.2974265985705,"1","LumA"
"788",-33.74977184808,4.05853303800368,"4","LumA"
"789",1.01345874780606,0.662525119276575,"4","LumB"
"790",15.0706971844853,1.28181448622664,"2","LumB"
"791",26.1196425660658,8.66348664247513,"1","LumB"
"792",4.2944767497312,9.15450826100354,"1","LumB"
"793",-0.546778038377104,-1.40915064584013,"9","LumB"
"794",21.5591113054734,-1.04159902984196,"9","LumB"
"795",7.34403173216033,22.5028842768151,"4","LumB"
"796",-17.4589151254963,25.4138462844525,"9","LumA"
"797",-35.7428877369851,4.36213379043022,"9","LumA"
"798",18.0001489963795,-17.1648369477979,"6","Basal"
"799",19.3637814803133,-3.86984361325146,"9","LumB"
"800",26.3428802578925,5.39827072207426,"2","Basal"
"801",-33.8475657006709,-27.9416105159252,"9","LumB"
"802",23.6587511303073,20.4979999846138,"1","Her2"
"803",3.68044704067924,1.53455635383377,"9","Her2"
"804",26.3929224128978,6.78790368935384,"10","Her2"
"805",1.14473362044168,-20.7686710622911,"10","Basal"
"806",-26.2252142484108,18.7797690183497,"10","LumB"
"807",-16.2588533733872,34.7631983163453,"1","LumB"
"808",-35.955608022011,6.26906553385416,"1","LumA"
"809",-41.4918296804575,4.0337945890006,"10","Her2"
"810",13.0029750306314,8.8734198925198,"2","Basal"
"811",11.9500123550217,19.2439495530023,"10","LumB"
"812",23.8476988865996,10.8798681711459,"9","LumA"
"813",15.2211202852354,-6.70136053163364,"3","Basal"
"814",-41.4979711528124,3.79774409112013,"4","LumB"
"815",26.3068014873003,13.3070339194843,"9","LumB"
"816",13.2262532886563,-14.4324839038616,"2","LumB"
"817",-13.3199497670302,21.8007808006917,"9","LumB"
"818",0.646803343258302,-18.3045944753863,"1","LumB"
"819",-4.328787174619,-20.0431256619298,"1","LumB"
"820",13.0976474144512,0.205164162612076,"1","Her2"
"821",13.8627422648727,-20.0306580459462,"10","Basal"
"822",26.6616001013756,19.0244048307692,"9","LumB"
"823",-35.5232641935213,8.78195584925355,"9","LumA"
"824",12.5615626145655,-22.82215006103,"6","Basal"
"825",2.86861713430086,-35.720813887087,"1","LumB"
"826",-7.55956165032063,25.2186485016636,"10","LumB"
"827",16.3395571060328,-22.5089398578281,"10","Basal"
"828",-5.20008821038745,33.2069373837743,"9","LumB"
"829",25.5227770573473,-27.2451391891772,"1","LumB"
"830",1.10178831229951,0.319154348899976,"4","LumB"
"831",-0.128203141568622,32.6154627140122,"9","LumB"
"832",23.094968247795,-0.581885248314073,"2","Basal"
"833",23.5406433719364,-26.4490290148285,"9","LumB"
"834",12.9234870730747,23.2684675041986,"1","Basal"
"835",-16.2826264114433,21.7661267426078,"6","Basal"
"836",26.317188301179,-12.2584949220251,"4","LumB"
"837",16.1018336880142,5.56003685153555,"9","LumB"
"838",-17.4260854265484,-17.8822835723356,"4","Her2"
"839",-34.020608228827,13.978457611287,"9","LumA"
"840",14.3799660476146,-20.9807567646799,"3","Basal"
"841",-34.0446937002651,-0.557562896395738,"1","Her2"
"842",3.42391575627026,11.965550609215,"1","LumB"
"843",20.3638495895173,-6.0079572792596,"6","Basal"
"844",-1.0638005533868,8.97155732471676,"1","LumB"
"845",-0.187391098071928,35.3883917298269,"9","LumA"
"846",-4.53577429835476,24.5453926019118,"10","Basal"
"847",-33.9442613669042,15.7091816302415,"9","LumB"
"848",-33.4122659663779,9.09650304186438,"6","Basal"
"849",33.3067130379818,-19.7135028775796,"6","Basal"
"850",8.22275822411384,-35.6362405529982,"1","LumA"
"851",-12.0463058348703,-11.3164805621404,"1","LumB"
"852",11.9721732346026,19.2687323440308,"2","LumB"
"853",30.1614441418189,-21.6520659754838,"1","LumB"
"854",2.3930943845944,20.0839121587221,"10","LumA"
"855",31.5706546220118,-22.8880437394587,"9","Basal"
"856",-28.2028334072504,22.8572710302212,"9","LumB"
"857",-38.9739602227904,-1.86228857191977,"10","LumB"
"858",-1.56605083136917,4.54209854681416,"10","Basal"
"859",11.6237137408914,-17.4413733601452,"10","LumB"
"860",-8.33053794082542,10.3933766677779,"2","Her2"
"861",-14.816105625482,-22.3281014617631,"4","LumB"
"862",-22.9524707745309,24.5373960637296,"4","Her2"
"863",9.89006757207248,18.3530932800705,"10","Her2"
"864",-3.10108850051228,37.6362197842086,"9","LumA"
"865",27.8725460517465,-16.6308799462954,"6","Basal"
"866",-17.17741713354,32.7603090346569,"4","LumB"
"867",11.2889129241539,-2.18562139714274,"6","Basal"
"868",-1.79278411055846,37.2762050916243,"9","LumB"
"869",-1.74031392974929,9.35691012878044,"1","Normal"
"870",-32.7124456607973,-21.7053007413127,"4","LumB"
"871",9.34145899574663,33.0274711914804,"9","LumB"
"872",16.4570825572579,12.5213973313857,"4","LumB"
"873",0.759455131612018,-21.6048049626763,"1","Basal"
"874",3.56434432033488,6.53584446764985,"5","LumA"
"875",-13.2690126108926,23.1750855428878,"2","LumA"
"876",-33.6472570480114,-26.595873702418,"5","Normal"
"877",8.02903293347035,15.2429478356027,"9","LumB"
"878",-5.13987443485214,9.56896773382295,"9","LumB"
"879",-6.71192830938315,-15.0445017191796,"1","LumB"
"880",-28.5232567805998,19.3740651788106,"4","LumB"
"881",23.0424773539726,-0.395182550470214,"2","Basal"
"882",7.75652285114437,31.1415432866886,"1","LumB"
"883",12.8523383498827,-20.5469339779089,"10","LumB"
"884",-40.8508039722364,5.63748200658642,"4","Her2"
"885",-10.4796474130679,-12.0065819054573,"1","LumB"
"886",6.44103881143034,-25.2401728973413,"6","Basal"
"887",-3.26565330891801,26.2858639722162,"9","LumB"
"888",-19.4396194573753,30.4134604244156,"9","LumA"
"889",23.2426248873397,0.927937553595007,"6","Basal"
"890",-32.4612002302858,8.29725738426859,"9","LumB"
"891",20.3021526589375,-5.70113483506186,"10","Basal"
"892",-3.12558913993919,25.8342810744069,"10","Her2"
"893",-34.0396888478896,-28.8318348701454,"5","LumA"
"894",-14.8041155694286,35.7340573549966,"4","LumB"
"895",11.1376442838859,-12.1602239303629,"10","Her2"
"896",2.62823778428683,18.4841237609065,"10","Basal"
"897",-7.58227343437981,-9.88453116185604,"1","Her2"
"898",29.053261773278,-3.72520536269671,"6","Basal"
"899",-17.7845326823424,34.8279424490622,"9","LumB"
"900",18.5358452114215,-13.0539801236366,"1","LumB"
"901",3.91937770576684,5.16172770869365,"9","LumB"
"902",1.78395045664253,32.6101363747759,"2","Basal"
"903",9.78901282952869,27.0603915784978,"4","LumB"
"904",-28.9661186723813,22.7506598267191,"4","LumB"
"905",16.8380232911415,-2.63352235756607,"4","LumB"
"906",26.8137634539494,-0.439331847356515,"6","Basal"
"907",27.8376319900134,-24.0774076620013,"1","LumB"
"908",4.52675038713116,26.9989062316547,"1","LumA"
"909",-37.8387753468641,-2.70758113082777,"1","LumB"
"910",-14.2677836432975,30.5960888900052,"4","LumB"
"911",-7.74949966647982,25.2180730063805,"10","LumB"
"912",-18.4896182069698,-18.1757434654125,"9","Her2"
"913",6.08698212590983,22.8643693026186,"9","LumA"
"914",27.172895386361,-10.8647753575976,"9","LumB"
"915",-37.9678093064754,-3.83110908875608,"9","LumB"
"916",-36.9585810249988,5.73467331146027,"9","LumB"
"917",-36.5018856448382,-7.53666004970458,"1","LumA"
"918",-31.5796176244772,16.0000581116474,"1","LumB"
"919",28.8860231519419,-22.1828398180463,"2","LumA"
"920",11.8373181424524,35.9142741094605,"6","Basal"
"921",-35.7091835019266,-14.9756805905493,"1","LumB"
"922",-18.9898134958609,-17.6919373569467,"2","Her2"
"923",-23.1340967291342,30.777138955134,"9","LumB"
"924",4.63340350701331,-15.1215224615463,"6","Basal"
"925",-2.34287064640711,-25.2272321883604,"4","LumB"
"926",-17.5118026082397,35.0061724441415,"1","LumB"
"927",19.4856433559899,29.7961312621704,"2","LumB"
"928",-18.2793324884776,-18.2401485453154,"2","LumB"
"929",-4.27044306764265,-18.4098163194152,"1","Her2"
"930",-12.128450036687,9.69540021587681,"2","LumB"
"931",28.408138423757,-13.3063555229537,"9","Basal"
"932",-6.06634433684633,35.1599206112747,"2","LumB"
"933",-40.0568120280284,1.6291661570163,"9","LumA"
"934",2.88363654913997,13.4035815160382,"10","Her2"
"935",-13.6888925631169,20.9725820398555,"9","LumB"
"936",-41.1880887659962,4.38983279468533,"10","LumA"
"937",24.0195186258671,14.4919361314679,"2","LumB"
"938",28.1579496580344,11.1289400224825,"9","LumB"
"939",-33.3891263323295,-13.9920689163772,"1","LumA"
"940",14.2983764284107,14.2326078547725,"4","LumB"
"941",-6.52452814385503,9.37244074853441,"9","LumA"
"942",-4.59832938973015,23.5093903577272,"3","Basal"
"943",-31.3116260789403,13.0804213328976,"1","Her2"
"944",4.26774875808543,13.8965714318815,"4","LumB"
"945",0.811007821340068,9.25406827612868,"9","LumB"
"946",-1.63489557701034,28.0661880570211,"10","Her2"
"947",27.8453499736106,17.9970610079989,"9","LumA"
"948",-31.252505585724,4.58558454650909,"4","LumB"
"949",3.30712725634581,36.0565924222565,"9","LumA"
"950",15.73763376173,-23.2178417301552,"10","Basal"
"951",0.962859179163661,33.3612100224789,"2","LumA"
"952",-6.37505043907745,-4.58565443891893,"1","Her2"
"953",-13.9759982678455,31.9064979707179,"10","LumA"
"954",-4.84166943274202,32.2207687944098,"6","Basal"
"955",15.551054482022,4.40885599720545,"9","LumB"
"956",-6.74346948013537,36.1181277536468,"2","LumB"
"957",27.2355873834373,18.8359497472795,"9","LumB"
"958",-2.29262127856195,1.41899237111718,"1","Basal"
"959",27.5214455759694,-22.5726379744627,"9","Normal"
"960",5.46349705990488,-25.8422577270164,"4","LumB"
"961",1.11596954347066,34.185298137893,"9","LumA"
"962",26.2799227603624,19.0324363593154,"2","LumB"
"963",-30.064065332637,21.0338361741936,"4","LumB"
"964",-7.24058815415495,5.65448161915046,"9","LumB"
"965",5.16093878108712,-5.07480796346316,"2","LumB"
"966",2.68112162567477,1.6337896373994,"1","Basal"
"967",-33.8561772705478,-28.8050554826651,"9","LumB"
"968",28.4079905517017,-14.7107720589278,"6","Basal"
"969",9.62997524813249,-1.7370819932542,"9","LumB"
"970",2.90038637072867,-36.8808693372165,"1","LumB"
"971",-33.8857774234087,-27.9495808455728,"1","Basal"
"972",-14.8597522134594,28.9155405924357,"4","LumB"
"973",-35.7806154260974,10.4420034553413,"9","LumB"
"974",17.1361665355717,-35.4206493068627,"5","Normal"
"975",-21.9178329785286,31.1075139922671,"4","LumB"
"976",8.42859204131244,-1.00023023351623,"4","LumB"
"977",1.05975114942211,34.2759839749286,"1","LumB"
"978",3.3160139183256,30.3025716364153,"4","LumB"
"979",-5.86416753939683,-6.06461224092748,"1","LumB"
"980",34.3644166350925,-8.36828068292532,"3","Basal"
"981",12.372968168326,-35.6812849976147,"5","Normal"
"982",-33.1953772937529,-14.52881608192,"9","LumA"
"983",32.0206550391106,-13.2382424418852,"4","LumB"
"984",-6.08819262354837,37.7700868113574,"9","LumB"
"985",4.62013231370157,-26.2593089489736,"9","Her2"
"986",0.188001386013037,37.6894907495812,"9","LumB"
"987",-33.3025015198406,-22.2811715015858,"1","LumA"
"988",12.6746630356763,-23.775075947966,"4","LumB"
"989",8.4402738031205,21.4821948303397,"4","LumB"
"990",-32.6924136654297,-18.613982244914,"10","LumB"
"991",10.4669889675344,17.998788867557,"9","Her2"
"992",-5.57738682698114,-18.0093052468599,"4","LumB"
"993",-10.2348333035721,9.93803475085045,"9","LumB"
"994",5.65770289350046,-3.97038903648496,"4","LumB"
"995",24.9348688883496,-28.7843419882658,"4","LumB"
"996",35.8975079312489,0.000732487052637205,"6","Basal"
"997",-21.1100347823266,-18.5951017144693,"2","LumA"
"998",3.65102211084198,-33.9436122411439,"9","LumB"
"999",-6.67007444336728,-14.6976534075809,"1","Basal"
"1000",33.9824883231017,-20.7891327513572,"2","Normal"
"1001",4.41400689274502,8.71402925302015,"1","LumA"
"1002",-9.12564014003366,19.2184748099272,"2","LumB"
"1003",29.4011307921649,-29.3471915473274,"5","Normal"
"1004",-7.88387567059555,42.6666862638195,"1","LumB"
"1005",1.42220333531084,-33.7727792629068,"2","LumB"
"1006",27.1955294239937,-1.44391729931241,"6","Basal"
"1007",-39.6248876786696,-4.85227435086027,"1","LumA"
"1008",26.0401671404081,-12.1923206737274,"4","LumB"
"1009",5.42779027721562,9.2728325373402,"1","LumA"
"1010",18.6838384038464,-2.64780009089044,"6","Basal"
"1011",-32.7429495284291,-19.8071982482914,"10","Her2"
"1012",-6.77283785392348,-8.74965419868919,"1","LumA"
"1013",20.9926152237023,7.05645146163986,"2","Basal"
"1014",-39.6803447838921,-0.205682015096171,"9","LumA"
"1015",18.5390133298656,7.43534055542793,"10","Her2"
"1016",-39.5221374824173,-0.870392532222566,"9","LumA"
"1017",-12.8842575255457,-11.8737660326826,"1","LumB"
"1018",8.44551543382192,20.1763520110641,"4","LumB"
"1019",-1.58014648223573,-23.4298137144818,"9","LumB"
"1020",-11.7106879845309,37.2936033027836,"4","LumB"
"1021",-32.9466629026741,-23.2090000265456,"10","LumB"
"1022",5.24672217963432,-27.7775726466324,"9","LumB"
"1023",-15.8612201211654,-9.2321904286444,"9","LumB"
"1024",-2.16923768786652,37.5966379564738,"4","LumB"
"1025",-4.67755704184948,-21.5504298151946,"9","LumB"
"1026",-3.13850580224917,-23.3875634039655,"1","LumB"
"1027",-35.6806877285459,4.36446335034867,"9","LumA"
"1028",-37.0912752518755,-7.34763488216096,"1","Her2"
"1029",30.2345685528765,-1.47552627863929,"2","LumB"
"1030",-35.0594165048111,-11.3736806385729,"5","LumA"
"1031",-15.6048673442219,24.4880142730155,"9","LumB"
"1032",19.3902455347155,1.19944456041432,"2","Basal"
"1033",14.9237024956606,8.15465502481296,"2","LumB"
"1034",14.0703450746559,-24.0048842509757,"10","LumB"
"1035",28.6304676423918,-21.0903182592209,"2","Her2"
"1036",-22.2746363542778,21.3933690873182,"4","LumA"
"1037",-10.1417387712133,40.9631542608453,"1","Basal"
"1038",-4.77310885946362,-7.46034177992651,"1","LumB"
"1039",4.94881329078183,-35.4794512835972,"1","Basal"
"1040",-22.0802571996396,-18.2445286614489,"1","LumB"
"1041",23.7183413560789,20.4961582581675,"10","LumA"
"1042",-2.25412285560604,-31.8794397408,"1","LumB"
"1043",1.69804336255136,-16.8943988297498,"9","LumB"
"1044",-11.5183207861711,41.0371402163715,"1","LumB"
"1045",2.96068663033353,-35.6439519229815,"1","Her2"
"1046",35.3906112441917,-0.148377724005851,"6","LumB"
"1047",11.1071126867599,-22.6068407032919,"4","LumB"
"1048",-28.366544780791,18.9926724434251,"9","LumA"
"1049",10.9526003737829,-5.2301869489464,"10","Basal"
"1050",17.2665552606679,-9.42519608442061,"3","Basal"
"1051",10.8311238494213,-15.1203249252154,"10","LumB"
"1052",-23.8492593686623,26.9515456404955,"4","LumB"
"1053",-23.9498533102953,26.8619764109709,"10","LumB"
"1054",-10.7472223982722,-12.0680577204964,"1","LumA"
"1055",6.71254602955105,15.7760897606104,"9","Her2"
"1056",19.9381844668673,28.6877591564016,"9","LumB"
"1057",-16.4902196097589,37.221670428919,"9","LumB"
"1058",-19.3358891382017,32.219917565527,"4","LumB"
"1059",5.14553490936785,30.7976303665077,"1","LumB"
"1060",34.893910289453,-0.606213410814753,"2","LumB"
"1061",4.58247219064437,-15.020642099978,"6","Basal"
"1062",11.002707214018,23.52996134484,"1","Her2"
"1063",2.44277217078056,17.8392258045238,"10","Basal"
"1064",29.947380208821,10.1611948722729,"2","Normal"
"1065",5.76825951081191,-11.2126631021978,"5","Normal"
"1066",-10.2820124151055,-12.3617126085676,"9","LumA"
"1067",-4.48026068797213,-23.397116153353,"9","LumB"
"1068",-6.83187483858376,34.3684159508113,"9","LumA"
"1069",6.47030838484856,-10.3550313500488,"1","LumA"
"1070",12.4868873792309,-30.6393826998675,"6","Basal"
"1071",5.54725429555263,-35.4606642746652,"1","Basal"
"1072",-6.43566273555942,9.49865720016648,"9","LumA"
"1073",5.77147073219522,8.91355345183693,"1","LumB"
"1074",-11.1267874763942,18.4564572212368,"2","LumA"
"1075",2.10155554887557,-34.296594155766,"9","LumB"
"1076",24.4641632280913,-1.36357713549847,"2","LumB"
"1077",-26.6428217244604,26.2455553704993,"4","LumB"
"1078",-33.5918002312656,-26.2866225671472,"9","Her2"
"1079",-32.2485915804592,-23.1272678599022,"2","Basal"
"1080",-34.289093153084,-11.7174341944726,"5","LumA"
"1081",8.8319400652951,25.2614061739123,"9","LumA"
"1082",28.9777657222648,-10.0937824193763,"9","LumB"
"1083",-32.9293493473832,-21.2984155962364,"4","LumB"
"1084",-16.3451207397472,31.7780190977482,"10","Basal"
"1085",29.4302051975624,12.84049967891,"2","LumB"
"1086",12.195601998027,-11.914367099744,"10","LumA"
"1087",29.5115399188093,12.7638105028284,"2","LumB"
"1088",-34.7296025645066,7.472405190238,"1","LumB"
"1089",24.0607647899418,-12.7308773521048,"6","Basal"
"1090",-0.515523137579007,-13.2239571127139,"1","LumA"
"1091",6.80150834781603,-7.23012463695938,"2","LumB"
"1092",26.0584403267329,-28.0740766286328,"9","LumA"
"1093",-31.9324481301569,-15.255312592409,"5","Basal"
"1094",-11.0206592417817,-29.7728487710945,"10","LumB"
"1095",1.64128245904895,-36.115773350555,"9","LumB"
"1096",16.3282366075495,-8.41142366588759,"3","Basal"
"1097",14.9731950519174,-1.61138433806028,"10","LumB"
"1098",29.8765193536523,-10.1524954431887,"2","LumB"
"1099",15.3175072571823,-34.7405669328981,"5","Normal"
"1100",30.4967550365889,-27.9568026970001,"5","Normal"
"1101",14.4284025716752,-39.6463974158784,"8","LumA"
"1102",-15.2721374945486,-24.9852896736578,"5","Normal"
"1103",-16.2605756130364,-25.3801350821973,"5","Normal"
"1104",33.4651364561154,-24.8823759408863,"9","Normal"
"1105",-8.52495649023289,3.30719855710296,"7","LumA"
"1106",11.2803328417905,-47.6784426145553,"8","Normal"
"1107",-13.1848632911192,-12.5014242344938,"1","Normal"
"1108",-11.229576858325,24.8997126807905,"8","Basal"
"1109",7.44842520116853,-45.3950756545422,"5","Normal"
"1110",28.9142520621485,-22.1591244973744,"5","Normal"
"1111",11.9992069053077,-48.1118719739213,"8","Normal"
"1112",30.7705577602026,-23.7624109323567,"5","Normal"
"1113",34.7110582758161,-23.9962597204462,"2","Normal"
"1114",18.0288767816669,-37.7540147875713,"8","Normal"
"1115",9.16139760732108,-27.5329785229944,"5","Normal"
"1116",6.74111723420545,-13.0668581083122,"5","Normal"
"1117",8.34859245663215,-27.6675815179142,"1","Normal"
"1118",13.0174541981076,24.6130149162433,"8","Basal"
"1119",12.0893316545817,-44.1795553197824,"8","Normal"
"1120",0.690873864962096,-28.549886449978,"1","Normal"
"1121",12.0653382921173,-36.3922723650672,"5","Normal"
"1122",30.6294440531287,-28.3136990471143,"5","Normal"
"1123",12.4284692316657,-36.2463605988698,"5","Normal"
"1124",9.31137120774035,-38.4270343368158,"5","Normal"
"1125",11.3879324332223,-44.4978239384432,"8","Normal"
"1126",17.698542916091,-39.3277612711218,"5","Normal"
"1127",12.3291993350801,-48.9367942075688,"8","LumA"
"1128",9.89653805350342,-38.4882865720689,"1","Normal"
"1129",10.9237419740779,-49.3204816822077,"8","Normal"
"1130",11.3291102130733,-48.7425563702281,"8","Normal"
"1131",13.9680621825178,-35.5196660477736,"5","Normal"
"1132",10.1235765047357,-49.2255601109178,"8","LumA"
"1133",-7.55104082339432,7.0797589914094,"5","LumA"
"1134",9.78126097153285,-27.3270726416557,"5","Normal"
"1135",18.2789514558709,-36.7136311491077,"5","Normal"
"1136",25.9580710700726,17.5319542073252,"5","Normal"
"1137",11.5716794628471,-36.4071484958784,"1","Normal"
"1138",11.0514202616125,-37.9616451400147,"5","Normal"
"1139",-6.00047473281543,-8.62262849178779,"5","Normal"
"1140",7.56063636050786,-14.1306606119475,"5","Normal"
"1141",17.1013650409937,-31.4371666967765,"5","Normal"
"1142",11.9751844597124,-37.2462377141839,"5","Normal"
"1143",16.4312718003081,-40.290515397866,"5","Normal"
"1144",18.879450455003,-39.3852588894202,"8","Normal"
"1145",33.0815220214118,-28.6007471319844,"5","Normal"
"1146",11.2952068290669,-16.34952917746,"10","Basal"
"1147",18.2211034002711,-36.9200003174305,"5","Normal"
"1148",20.8414575954876,-34.6660397218926,"5","Normal"
"1149",31.4455312798036,-28.736753644339,"5","Normal"
"1150",31.21908541457,-24.0383449236777,"5","Normal"
"1151",31.1842909899812,-27.2013062363741,"5","Normal"
"1152",12.1937877078657,-42.2052079392378,"5","Normal"
"1153",13.0291365045174,-38.4934991313128,"5","Normal"
"1154",16.2078018625035,-34.4230435501497,"5","Normal"
"1155",11.0490373048768,-37.5066465995453,"5","Normal"
"1156",12.0651398653134,-38.7669649547041,"5","Normal"
"1157",6.98448205219701,-47.9623505746531,"8","Normal"
"1158",11.953375570598,-44.4007433128199,"8","Normal"
"1159",16.9903322514056,-33.1164970248745,"5","Normal"
"1160",18.5692995042091,-39.1888354313126,"5","Normal"
"1161",8.44063668603968,-48.5086442201135,"8","Normal"
"1162",7.87180925260016,-46.026692960545,"5","Normal"
"1163",29.554864040727,-21.8335084789949,"1","Normal"
"1164",7.24724240017537,-14.804623297179,"8","Normal"
"1165",7.44688745148531,-14.1310207266913,"5","Normal"
"1166",17.0784201625079,-35.7445905993199,"5","Normal"
"1167",8.61915565842653,-27.7611896653946,"5","Normal"
"1168",8.15238309531971,-46.3466283561078,"8","Normal"
"1169",14.0714868715014,-39.2798088327499,"5","Normal"
"1170",17.1710089262892,-39.3911516701594,"5","Normal"
"1171",25.1311825629987,15.2813724319635,"5","Normal"
"1172",17.8193166440786,-39.0658489231614,"5","Normal"
"1173",11.5326434526916,-38.2541771628412,"5","Normal"
"1174",-15.63253637982,-23.7498483388241,"8","Normal"
"1175",18.2274495050856,-36.3089220717342,"5","Normal"
"1176",34.6307067618529,-24.5085079634976,"5","Normal"
"1177",-11.2392833207797,-28.514671164637,"5","Normal"
"1178",8.32478940249285,-46.7414364291203,"8","Normal"
"1179",4.13670565702943,10.1534729242948,"10","Normal"
"1180",12.4474505728324,-38.642033186347,"5","Normal"
"1181",9.15158889863529,-47.6780885630402,"8","Normal"
"1182",30.2496140483856,-28.0538743919172,"5","Normal"
"1183",-4.92255463047079,9.55568926190804,"1","Normal"
"1184",10.5062725152034,-49.9799356062257,"8","LumA"
"1185",12.9685524221065,-44.5861451003102,"8","LumA"
"1186",10.6149170756799,-49.7039583186327,"8","LumA"
"1187",18.2826922085478,-35.5816855303237,"5","Normal"
"1188",33.2264679503451,-21.1506715022118,"1","Normal"
"1189",30.1537844835042,-24.7801635790562,"1","Normal"
"1190",34.0461732832551,-23.6182234860966,"1","Normal"
"1191",7.59431996614925,-49.0202797636044,"8","Normal"
"1192",3.76586782195792,6.10794489982663,"5","Normal"
"1193",19.193825832719,-37.2870168387223,"4","LumA"
"1194",10.5474388047199,-45.4345613539121,"8","Normal"
"1195",10.61998544665,21.6758552982338,"1","Basal"
"1196",30.5613528706498,-22.9126515202646,"5","Normal"
"1197",12.0181864633588,-48.3245034171547,"8","LumA"
"1198",16.1907128225023,-40.4818860828016,"8","Normal"
"1199",8.72205979374748,-47.6657134785415,"8","Normal"
"1200",20.7647936895708,-34.7132699549031,"5","Normal"
"1201",7.20271135590552,-47.6608932399003,"8","Normal"
"1202",5.3673237637729,-11.8393408283382,"5","Normal"
"1203",13.1405773892114,-44.543151081678,"1","Normal"
"1204",-15.6979616494174,-9.46722453532551,"5","Normal"
"1205",10.8764593315954,-49.8901201241122,"8","Normal"
"1206",-16.2887581523881,-25.9064101658633,"5","Normal"
"1207",34.3811453575626,-23.9625275210525,"1","Normal"
"1208",-17.7879696098003,-20.8144712705301,"5","Normal"
"1209",29.7646251428633,-28.9803863699442,"5","Normal"
"1210",12.0504756844409,-42.9981096484766,"8","Normal"
"1211",11.2353501179884,-43.9861186352978,"8","Normal"
